"Transaction Hash","Status","Type","Method ","Block","Age","From","From_NameTag","To","To_NameTag","Amount","Value (USD) ","Asset","Txn Fee"
"0xfd44c046efaa60cc9f0bba6c2e33c8a4e1a2e63d2e026332d1fadc3594588d22","Success","Tx","Exchange","22316878","17 secs ago","0xcaBFcebd15A1138E3aC80249F6807905d2c0973f"," ","0x45312ea0eFf7E09C83CBE249fa1d7598c4C8cd4e"," ","0","$0.00","Ethereum(ETH)","0.00017109"
"0x5d9e7ca0a61816f4a0f28100b43fbf980f6d03dbd080ebc103ae3deb0d56b3ca","Success","Tx","Transfer From","22316877","29 secs ago","0xcaBFcebd15A1138E3aC80249F6807905d2c0973f"," "," 0x8C7a07D7eB41F2119FC3CA4D37A0F7c2D"," ","0","$0.00","Ethereum(ETH)","0.00002783"
"0xf23962400303b855569912e5e960626de640b5545bf1a4f76873ac5c09310554","Success","Tx","Wrap","22316876","41 secs ago","0x782d7ff7214d3d9cb7a9afaf3f45a8f80cb73482","caronfire.eth","0x7f39c581f595b53c5cb19bd0b3f8da6c935e2ca0"," Lido: wstETH Token","0","$0.00","Ethereum(ETH)","0.00003702"
"0x9ea55ef25062f26b7d55d3fc8f263727648656bf36d5ed1132e2cdcbd21f211d","Success","Tx","0x146ee74d","22316874","1 min ago","0x731461b70ad0F00422e0f2b2Cf7Daa3640bc61C4"," ","0xad3b67BCA8935Cb510C8D18bD45F0b94F54A968f"," ","0","$0.00","Ethereum(ETH)","0.00023901"
"0x7c3594252970880dea17867ad93bdc12741910efb8ebbb82a6d3f0ef8ede52e0","Success","Tx","Submit","22316871","1 min ago","0x61407DE656a2430053c7E122Fef1ceC25Ec0dE3E"," "," 0x8C7a07D7eB41F2119FC3CA4D37A0F7c2D"," ","0.02","$32.62","Ethereum(ETH)","0.00003888"
"0x6ddf4a1ac273bc67cf0f57b744b35b10c29b867461d7e2b479920d840966c65e","Success","Tx","Mooo Z1089603480","22316869","2 mins ago","0x6bf97aFe2D2C790999cDEd2a8523009eB8a0823f"," ","0x9008d19f58aabd9ed0d60971565aa8510560ab41"," CoW Protocol: GPv2Settlement","0","$0.00","Ethereum(ETH)","0.00091443"
"0xfa28685790cc8bfa002d8ba3b2d22de409ae92ca2376b168b048e97b0b043eac","Success","Tx","Transfer From","22316866","2 mins ago","0xcaBFcebd15A1138E3aC80249F6807905d2c0973f"," "," 0x8C7a07D7eB41F2119FC3CA4D37A0F7c2D"," ","0","$0.00","Ethereum(ETH)","0.00002369"
"0x5b9521fbfbbf5da4513dbfa98b093b337c55c2488b7a64735420613b63b2aaea","Success","Tx","Complete Withdrawal","22316864","3 mins ago","0x1afC084366481Cd4E27Bb22F9EB5E8AFebaBC0df"," ","0x62de59c08eb5dae4b7e6f7a8cad3006d6965ec16"," Kelp DAO: Withdrawal","0","$0.00","Ethereum(ETH)","0.00004469"
"0xa6cb7732dcd955232a16f55a0e73b488c21cd68d6f9ff5d48428459099293356","Success","Tx","Swap Tokens Single V3Native To ERC20","22316863","3 mins ago","0x58683c276B0f5D2Fc69839D77c40eBdF185Ab41e"," "," 0x8C7a07D7eB41F2119FC3CA4D37A0F7c2D"," ","116","$189,194.77","Ethereum(ETH)","0.00094522"
"0x5e45c153d2fe4e95d2d21589caef550bfe28b964765e09005ebbd144ac8c2451","Success","Tx","Mooo Z1089603480","22316859","4 mins ago","0x95480d3f27658E73b2785D30beb0c847D78294c7"," ","0x9008d19f58aabd9ed0d60971565aa8510560ab41"," CoW Protocol: GPv2Settlement","0","$0.00","Ethereum(ETH)","0.00056435"
"0xbfe89a6491f3ea6f4c749d8c5a7bb1bf8e678bf18a4802fa770766f32b428cb8","Success","Tx","0x2bad1c03","22316855","4 mins ago","0xae2fc483527b8ef99eb5d9b44875f005ba1fae13","jaredfromsubway.eth","0x1f2f10d1c40777ae1da742455c65828ff36df387"," jaredfromsubway: MEV Bot 2","0","$0.0000000000001223","Ethereum(ETH)","0.00042682"
"0x6384dfa29780f83800196f79ededb8e9ed3bed866c8022bb4d6bf28161ebca60","Success","Tx","Submit","22316855","4 mins ago","0xC921771A3470fefdA3F4531ea6eB37Ae27EB692d"," "," 0x8C7a07D7eB41F2119FC3CA4D37A0F7c2D"," ","7.22","$11,775.74","Ethereum(ETH)","0.00003181"
"0x9582393fc3cb0faeeff40816cbad056608ea76fed7d01a0c862e0f8749d95180","Success","Tx","Swap Tokens Single V3Native To ERC20","22316850","5 mins ago","0x58683c276B0f5D2Fc69839D77c40eBdF185Ab41e"," "," 0x8C7a07D7eB41F2119FC3CA4D37A0F7c2D"," ","50","$81,549.47","Ethereum(ETH)","0.00058154"
"0xf3736790ed293ba9c1b4777ba3cc23efd20ab55b165529406010ad28ef44fa75","Success","Tx","Wrap","22316837","8 mins ago","0x65eD8FaA784E4D2b72c2d2d7ae75Ed2Ab09Ab1eE"," ","0x7f39c581f595b53c5cb19bd0b3f8da6c935e2ca0"," Lido: wstETH Token","0","$0.00","Ethereum(ETH)","0.00004282"
"0x9ab96da4530d6059cdd5f3b1b7979f1852449d6b3086d927ccee8cca91561eee","Success","Tx","Submit","22316830","9 mins ago","0x65eD8FaA784E4D2b72c2d2d7ae75Ed2Ab09Ab1eE"," "," 0x8C7a07D7eB41F2119FC3CA4D37A0F7c2D"," ","12","$19,571.87","Ethereum(ETH)","0.00003682"
"0x610bbef065a4ff694088aebe35137278609a1d9d82f3b34380b6c8ca84e0585d","Success","Tx","Submit","22316829","10 mins ago","0x7264467Fd4138a9E5760c52C836726406AB699D2"," "," 0x8C7a07D7eB41F2119FC3CA4D37A0F7c2D"," ","0.039325","$64.14","Ethereum(ETH)","0.00003614"
"0xdda5d793f124fd4b2e4453d08db892a1187832b3d8aec7d92cc7531b61a0a2b8","Success","Tx","Transfer","22316818","12 mins ago","0x8d7080BB57C2a83598A41F508793978004bdCC9E"," "," 0x8C7a07D7eB41F2119FC3CA4D37A0F7c2D"," ","0","$0.00","Ethereum(ETH)","0.00012295"
"0x3246b48bffb2b9322200f7d5ad72b765ec11b0747a31dbdc847580307069b8e9","Success","Tx","Transfer","22316816","12 mins ago","0x851c17DfDEF271bCc285ACc25775E1e4ff611e94"," "," 0x8C7a07D7eB41F2119FC3CA4D37A0F7c2D"," ","0","$0.00","Ethereum(ETH)","0.00006095"
"0xdb16ce1716129e0104c39e48612294cda5b16548790dc9d1f7099d340b7da905","Success","Tx","Route Single","22316811","13 mins ago","0x598f8Ad3109b658679eaeFbdD0d971331d2dc3D3"," ","0xF75584eF6673aD213a685a1B58Cc0330B8eA22Cf"," ","0.011","$17.94","Ethereum(ETH)","0.00036335"
"0xe7a12f5fd883eb072861a8f825232822c9e4f576acccc23b5958802fb35d9753","Success","Tx","Execute","22316796","16 mins ago","0xE08cC4Bc6BD77774fE107f7Ffb48adD75Ae53245"," ","0x952D7a7eB2e0804d37d9244BE8e47341356d2f5D"," ","0","$0.00","Ethereum(ETH)","0.00843541"
"0x7b9377ce5f5bd0d39be44d6b28d228417c5c0fa62164218cf951d8aa521af931","Success","Tx","Unwrap","22316774","21 mins ago","0x3A64bEA0EfC5e8e2F220E549CbCD8b3F22fA1387"," ","0x7f39c581f595b53c5cb19bd0b3f8da6c935e2ca0"," Lido: wstETH Token","0","$0.00","Ethereum(ETH)","0.00003692"
"0xb6f1d1dce94ff2050c3d6c68a50fc231a3a719825343bfaf6c37cc875b63f6e8","Success","Tx","Transfer","22316766","22 mins ago","0xAFf21B7520F3Dc741e903Faed821a5c188b21c3F"," "," 0x8C7a07D7eB41F2119FC3CA4D37A0F7c2D"," ","0","$0.00","Ethereum(ETH)","0.00003214"
"0xebe01312c0ce0c3b732036924332a5aba505dd78605e19500fba8e36d2508987","Success","Tx","Request Withdrawals With Permit","22316752","25 mins ago","0x2CE6FDda2c62bD3fd9c94241796c3D9EC2a70b35"," "," 0x8C7a07D7eB41F2119FC3CA4D37A0F7c2D"," ","0","$0.00","Ethereum(ETH)","0.00017529"
"0xb45559f4d4bdc2932134057cf30d6ac25042f0ed53014c5198da0c5d9ce10a21","Success","Tx","Complete Queued Withdrawals","22316751","25 mins ago","0xAFf21B7520F3Dc741e903Faed821a5c188b21c3F"," ","0x39053d51b77dc0d36036fc1fcc8cb819df8ef37a"," EigenLayer: Delegation Manager","0","$0.00","Ethereum(ETH)","0.0000712"
"0x51c695b684753c05a5e40515265943d2a5083c6bd80d46dac0522748050ad909","Success","Tx","Mooo Z1089603480","22316749","26 mins ago","0x6bf97aFe2D2C790999cDEd2a8523009eB8a0823f"," ","0x9008d19f58aabd9ed0d60971565aa8510560ab41"," CoW Protocol: GPv2Settlement","0","$0.00","Ethereum(ETH)","0.00130978"